<GELightsSimulator>
  <Bulb>
    <number>0_0</number>
    <x>10</x>
    <y>454</y>
  </Bulb>
  <Bulb>
    <number>0_1</number>
    <x>10</x>
    <y>434</y>
  </Bulb>
  <Bulb>
    <number>0_2</number>
    <x>10</x>
    <y>414</y>
  </Bulb>
  <Bulb>
    <number>0_3</number>
    <x>10</x>
    <y>394</y>
  </Bulb>
  <Bulb>
    <number>0_4</number>
    <x>10</x>
    <y>374</y>
  </Bulb>
  <Bulb>
    <number>0_5</number>
    <x>10</x>
    <y>354</y>
  </Bulb>
  <Bulb>
    <number>0_6</number>
    <x>10</x>
    <y>334</y>
  </Bulb>
  <Bulb>
    <number>0_7</number>
    <x>10</x>
    <y>314</y>
  </Bulb>
  <Bulb>
    <number>0_8</number>
    <x>10</x>
    <y>294</y>
  </Bulb>
  <Bulb>
    <number>0_9</number>
    <x>10</x>
    <y>274</y>
  </Bulb>
  <Bulb>
    <number>0_10</number>
    <x>10</x>
    <y>254</y>
  </Bulb>
  <Bulb>
    <number>0_11</number>
    <x>10</x>
    <y>234</y>
  </Bulb>
  <Bulb>
    <number>0_12</number>
    <x>10</x>
    <y>214</y>
  </Bulb>
  <Bulb>
    <number>0_13</number>
    <x>10</x>
    <y>194</y>
  </Bulb>
  <Bulb>
    <number>0_14</number>
    <x>10</x>
    <y>174</y>
  </Bulb>
  <Bulb>
    <number>0_15</number>
    <x>10</x>
    <y>154</y>
  </Bulb>
  <Bulb>
    <number>0_16</number>
    <x>10</x>
    <y>134</y>
  </Bulb>
  <Bulb>
    <number>0_17</number>
    <x>10</x>
    <y>114</y>
  </Bulb>
  <Bulb>
    <number>0_18</number>
    <x>10</x>
    <y>94</y>
  </Bulb>
  <Bulb>
    <number>0_19</number>
    <x>24</x>
    <y>80</y>
  </Bulb>
  <Bulb>
    <number>0_20</number>
    <x>38</x>
    <y>66</y>
  </Bulb>
  <Bulb>
    <number>0_21</number>
    <x>52</x>
    <y>52</y>
  </Bulb>
  <Bulb>
    <number>0_22</number>
    <x>66</x>
    <y>38</y>
  </Bulb>
  <Bulb>
    <number>0_23</number>
    <x>80</x>
    <y>24</y>
  </Bulb>
  <Bulb>
    <number>0_24</number>
    <x>94</x>
    <y>10</y>
  </Bulb>
  <Bulb>
    <number>0_25</number>
    <x>123</x>
    <y>10</y>
  </Bulb>
  <Bulb>
    <number>0_26</number>
    <x>137</x>
    <y>24</y>
  </Bulb>
  <Bulb>
    <number>0_27</number>
    <x>151</x>
    <y>38</y>
  </Bulb>
  <Bulb>
    <number>0_28</number>
    <x>165</x>
    <y>52</y>
  </Bulb>
  <Bulb>
    <number>0_29</number>
    <x>179</x>
    <y>66</y>
  </Bulb>
  <Bulb>
    <number>0_30</number>
    <x>193</x>
    <y>80</y>
  </Bulb>
  <Bulb>
    <number>0_31</number>
    <x>205</x>
    <y>94</y>
  </Bulb>
  <Bulb>
    <number>0_32</number>
    <x>205</x>
    <y>114</y>
  </Bulb>
  <Bulb>
    <number>0_33</number>
    <x>205</x>
    <y>134</y>
  </Bulb>
  <Bulb>
    <number>0_34</number>
    <x>205</x>
    <y>154</y>
  </Bulb>
  <Bulb>
    <number>0_35</number>
    <x>205</x>
    <y>174</y>
  </Bulb>
  <Bulb>
    <number>0_36</number>
    <x>205</x>
    <y>194</y>
  </Bulb>
  <Bulb>
    <number>0_37</number>
    <x>205</x>
    <y>214</y>
  </Bulb>
  <Bulb>
    <number>0_38</number>
    <x>205</x>
    <y>234</y>
  </Bulb>
  <Bulb>
    <number>0_39</number>
    <x>205</x>
    <y>254</y>
  </Bulb>
  <Bulb>
    <number>0_40</number>
    <x>205</x>
    <y>274</y>
  </Bulb>
  <Bulb>
    <number>0_41</number>
    <x>205</x>
    <y>294</y>
  </Bulb>
  <Bulb>
    <number>0_42</number>
    <x>205</x>
    <y>314</y>
  </Bulb>
  <Bulb>
    <number>0_43</number>
    <x>205</x>
    <y>334</y>
  </Bulb>
  <Bulb>
    <number>0_44</number>
    <x>205</x>
    <y>354</y>
  </Bulb>
  <Bulb>
    <number>0_45</number>
    <x>205</x>
    <y>374</y>
  </Bulb>
  <Bulb>
    <number>0_46</number>
    <x>205</x>
    <y>394</y>
  </Bulb>
  <Bulb>
    <number>0_47</number>
    <x>205</x>
    <y>414</y>
  </Bulb>
  <Bulb>
    <number>0_48</number>
    <x>205</x>
    <y>434</y>
  </Bulb>
  <Bulb>
    <number>0_49</number>
    <x>205</x>
    <y>454</y>
  </Bulb>
  <Bulb>
    <number>1_0</number>
    <x>25</x>
    <y>469</y>
  </Bulb>
  <Bulb>
    <number>1_1</number>
    <x>25</x>
    <y>449</y>
  </Bulb>
  <Bulb>
    <number>1_2</number>
    <x>25</x>
    <y>429</y>
  </Bulb>
  <Bulb>
    <number>1_3</number>
    <x>25</x>
    <y>409</y>
  </Bulb>
  <Bulb>
    <number>1_4</number>
    <x>25</x>
    <y>389</y>
  </Bulb>
  <Bulb>
    <number>1_5</number>
    <x>25</x>
    <y>369</y>
  </Bulb>
  <Bulb>
    <number>1_6</number>
    <x>25</x>
    <y>349</y>
  </Bulb>
  <Bulb>
    <number>1_7</number>
    <x>25</x>
    <y>329</y>
  </Bulb>
  <Bulb>
    <number>1_8</number>
    <x>25</x>
    <y>309</y>
  </Bulb>
  <Bulb>
    <number>1_9</number>
    <x>25</x>
    <y>289</y>
  </Bulb>
  <Bulb>
    <number>1_10</number>
    <x>25</x>
    <y>269</y>
  </Bulb>
  <Bulb>
    <number>1_11</number>
    <x>25</x>
    <y>249</y>
  </Bulb>
  <Bulb>
    <number>1_12</number>
    <x>25</x>
    <y>229</y>
  </Bulb>
  <Bulb>
    <number>1_13</number>
    <x>25</x>
    <y>209</y>
  </Bulb>
  <Bulb>
    <number>1_14</number>
    <x>25</x>
    <y>189</y>
  </Bulb>
  <Bulb>
    <number>1_15</number>
    <x>25</x>
    <y>169</y>
  </Bulb>
  <Bulb>
    <number>1_16</number>
    <x>25</x>
    <y>149</y>
  </Bulb>
  <Bulb>
    <number>1_17</number>
    <x>25</x>
    <y>129</y>
  </Bulb>
  <Bulb>
    <number>1_18</number>
    <x>25</x>
    <y>109</y>
  </Bulb>
  <Bulb>
    <number>1_19</number>
    <x>30</x>
    <y>95</y>
  </Bulb>
  <Bulb>
    <number>1_20</number>
    <x>44</x>
    <y>81</y>
  </Bulb>
  <Bulb>
    <number>1_21</number>
    <x>58</x>
    <y>67</y>
  </Bulb>
  <Bulb>
    <number>1_22</number>
    <x>72</x>
    <y>53</y>
  </Bulb>
  <Bulb>
    <number>1_23</number>
    <x>86</x>
    <y>39</y>
  </Bulb>
  <Bulb>
    <number>1_24</number>
    <x>100</x>
    <y>25</y>
  </Bulb>
  <Bulb>
    <number>1_25</number>
    <x>117</x>
    <y>25</y>
  </Bulb>
  <Bulb>
    <number>1_26</number>
    <x>131</x>
    <y>39</y>
  </Bulb>
  <Bulb>
    <number>1_27</number>
    <x>145</x>
    <y>53</y>
  </Bulb>
  <Bulb>
    <number>1_28</number>
    <x>159</x>
    <y>67</y>
  </Bulb>
  <Bulb>
    <number>1_29</number>
    <x>173</x>
    <y>81</y>
  </Bulb>
  <Bulb>
    <number>1_30</number>
    <x>187</x>
    <y>95</y>
  </Bulb>
  <Bulb>
    <number>1_31</number>
    <x>190</x>
    <y>109</y>
  </Bulb>
  <Bulb>
    <number>1_32</number>
    <x>190</x>
    <y>129</y>
  </Bulb>
  <Bulb>
    <number>1_33</number>
    <x>190</x>
    <y>149</y>
  </Bulb>
  <Bulb>
    <number>1_34</number>
    <x>190</x>
    <y>169</y>
  </Bulb>
  <Bulb>
    <number>1_35</number>
    <x>190</x>
    <y>189</y>
  </Bulb>
  <Bulb>
    <number>1_36</number>
    <x>190</x>
    <y>209</y>
  </Bulb>
  <Bulb>
    <number>1_37</number>
    <x>190</x>
    <y>229</y>
  </Bulb>
  <Bulb>
    <number>1_38</number>
    <x>190</x>
    <y>249</y>
  </Bulb>
  <Bulb>
    <number>1_39</number>
    <x>190</x>
    <y>269</y>
  </Bulb>
  <Bulb>
    <number>1_40</number>
    <x>190</x>
    <y>289</y>
  </Bulb>
  <Bulb>
    <number>1_41</number>
    <x>190</x>
    <y>309</y>
  </Bulb>
  <Bulb>
    <number>1_42</number>
    <x>190</x>
    <y>329</y>
  </Bulb>
  <Bulb>
    <number>1_43</number>
    <x>190</x>
    <y>349</y>
  </Bulb>
  <Bulb>
    <number>1_44</number>
    <x>190</x>
    <y>369</y>
  </Bulb>
  <Bulb>
    <number>1_45</number>
    <x>190</x>
    <y>389</y>
  </Bulb>
  <Bulb>
    <number>1_46</number>
    <x>190</x>
    <y>409</y>
  </Bulb>
  <Bulb>
    <number>1_47</number>
    <x>190</x>
    <y>429</y>
  </Bulb>
  <Bulb>
    <number>1_48</number>
    <x>190</x>
    <y>449</y>
  </Bulb>
  <Bulb>
    <number>1_49</number>
    <x>190</x>
    <y>469</y>
  </Bulb>
  <Bulb>
    <number>2_0</number>
    <x>220</x>
    <y>10</y>
  </Bulb>
  <Bulb>
    <number>2_1</number>
    <x>220</x>
    <y>25</y>
  </Bulb>
  <Bulb>
    <number>2_2</number>
    <x>220</x>
    <y>40</y>
  </Bulb>
  <Bulb>
    <number>2_3</number>
    <x>220</x>
    <y>55</y>
  </Bulb>
  <Bulb>
    <number>2_4</number>
    <x>220</x>
    <y>70</y>
  </Bulb>
  <Bulb>
    <number>2_5</number>
    <x>220</x>
    <y>85</y>
  </Bulb>
  <Bulb>
    <number>2_6</number>
    <x>235</x>
    <y>85</y>
  </Bulb>
  <Bulb>
    <number>2_7</number>
    <x>250</x>
    <y>85</y>
  </Bulb>
  <Bulb>
    <number>2_8</number>
    <x>265</x>
    <y>85</y>
  </Bulb>
  <Bulb>
    <number>2_9</number>
    <x>265</x>
    <y>70</y>
  </Bulb>
  <Bulb>
    <number>2_10</number>
    <x>265</x>
    <y>55</y>
  </Bulb>
  <Bulb>
    <number>2_11</number>
    <x>265</x>
    <y>40</y>
  </Bulb>
  <Bulb>
    <number>2_12</number>
    <x>265</x>
    <y>25</y>
  </Bulb>
  <Bulb>
    <number>2_13</number>
    <x>265</x>
    <y>10</y>
  </Bulb>
  <Bulb>
    <number>2_14</number>
    <x>295</x>
    <y>10</y>
  </Bulb>
  <Bulb>
    <number>2_15</number>
    <x>295</x>
    <y>25</y>
  </Bulb>
  <Bulb>
    <number>2_16</number>
    <x>295</x>
    <y>40</y>
  </Bulb>
  <Bulb>
    <number>2_17</number>
    <x>295</x>
    <y>55</y>
  </Bulb>
  <Bulb>
    <number>2_18</number>
    <x>295</x>
    <y>70</y>
  </Bulb>
  <Bulb>
    <number>2_19</number>
    <x>295</x>
    <y>85</y>
  </Bulb>
  <Bulb>
    <number>2_20</number>
    <x>310</x>
    <y>85</y>
  </Bulb>
  <Bulb>
    <number>2_21</number>
    <x>325</x>
    <y>85</y>
  </Bulb>
  <Bulb>
    <number>2_22</number>
    <x>340</x>
    <y>85</y>
  </Bulb>
  <Bulb>
    <number>2_23</number>
    <x>355</x>
    <y>85</y>
  </Bulb>
  <Bulb>
    <number>2_24</number>
    <x>355</x>
    <y>70</y>
  </Bulb>
  <Bulb>
    <number>2_25</number>
    <x>355</x>
    <y>55</y>
  </Bulb>
  <Bulb>
    <number>2_26</number>
    <x>355</x>
    <y>40</y>
  </Bulb>
  <Bulb>
    <number>2_27</number>
    <x>355</x>
    <y>25</y>
  </Bulb>
  <Bulb>
    <number>2_28</number>
    <x>355</x>
    <y>10</y>
  </Bulb>
  <Bulb>
    <number>2_29</number>
    <x>385</x>
    <y>10</y>
  </Bulb>
  <Bulb>
    <number>2_30</number>
    <x>385</x>
    <y>25</y>
  </Bulb>
  <Bulb>
    <number>2_31</number>
    <x>385</x>
    <y>40</y>
  </Bulb>
  <Bulb>
    <number>2_32</number>
    <x>385</x>
    <y>55</y>
  </Bulb>
  <Bulb>
    <number>2_33</number>
    <x>385</x>
    <y>70</y>
  </Bulb>
  <Bulb>
    <number>2_34</number>
    <x>385</x>
    <y>85</y>
  </Bulb>
  <Bulb>
    <number>2_35</number>
    <x>400</x>
    <y>85</y>
  </Bulb>
  <Bulb>
    <number>2_36</number>
    <x>415</x>
    <y>85</y>
  </Bulb>
  <Bulb>
    <number>2_37</number>
    <x>430</x>
    <y>85</y>
  </Bulb>
  <Bulb>
    <number>2_38</number>
    <x>430</x>
    <y>70</y>
  </Bulb>
  <Bulb>
    <number>2_39</number>
    <x>430</x>
    <y>55</y>
  </Bulb>
  <Bulb>
    <number>2_40</number>
    <x>430</x>
    <y>40</y>
  </Bulb>
  <Bulb>
    <number>2_41</number>
    <x>430</x>
    <y>25</y>
  </Bulb>
  <Bulb>
    <number>2_42</number>
    <x>430</x>
    <y>10</y>
  </Bulb>
  <Bulb>
    <number>2_43</number>
    <x>445</x>
    <y>10</y>
  </Bulb>
  <Bulb>
    <number>2_44</number>
    <x>445</x>
    <y>25</y>
  </Bulb>
  <Bulb>
    <number>2_45</number>
    <x>445</x>
    <y>40</y>
  </Bulb>
  <Bulb>
    <number>2_46</number>
    <x>445</x>
    <y>55</y>
  </Bulb>
  <Bulb>
    <number>2_47</number>
    <x>445</x>
    <y>70</y>
  </Bulb>
  <Bulb>
    <number>2_48</number>
    <x>445</x>
    <y>85</y>
  </Bulb>
  <Bulb>
    <number>2_49</number>
    <x>445</x>
    <y>100</y>
  </Bulb>
  <Bulb>
    <number>3_0</number>
    <x>220</x>
    <y>415</y>
  </Bulb>
  <Bulb>
    <number>3_1</number>
    <x>220</x>
    <y>400</y>
  </Bulb>
  <Bulb>
    <number>3_2</number>
    <x>220</x>
    <y>385</y>
  </Bulb>
  <Bulb>
    <number>3_3</number>
    <x>220</x>
    <y>370</y>
  </Bulb>
  <Bulb>
    <number>3_4</number>
    <x>220</x>
    <y>355</y>
  </Bulb>
  <Bulb>
    <number>3_5</number>
    <x>220</x>
    <y>340</y>
  </Bulb>
  <Bulb>
    <number>3_6</number>
    <x>220</x>
    <y>325</y>
  </Bulb>
  <Bulb>
    <number>3_7</number>
    <x>220</x>
    <y>310</y>
  </Bulb>
  <Bulb>
    <number>3_8</number>
    <x>220</x>
    <y>295</y>
  </Bulb>
  <Bulb>
    <number>3_9</number>
    <x>235</x>
    <y>295</y>
  </Bulb>
  <Bulb>
    <number>3_10</number>
    <x>250</x>
    <y>295</y>
  </Bulb>
  <Bulb>
    <number>3_11</number>
    <x>265</x>
    <y>295</y>
  </Bulb>
  <Bulb>
    <number>3_12</number>
    <x>265</x>
    <y>310</y>
  </Bulb>
  <Bulb>
    <number>3_13</number>
    <x>265</x>
    <y>325</y>
  </Bulb>
  <Bulb>
    <number>3_14</number>
    <x>265</x>
    <y>340</y>
  </Bulb>
  <Bulb>
    <number>3_15</number>
    <x>265</x>
    <y>355</y>
  </Bulb>
  <Bulb>
    <number>3_16</number>
    <x>265</x>
    <y>370</y>
  </Bulb>
  <Bulb>
    <number>3_17</number>
    <x>265</x>
    <y>385</y>
  </Bulb>
  <Bulb>
    <number>3_18</number>
    <x>265</x>
    <y>400</y>
  </Bulb>
  <Bulb>
    <number>3_19</number>
    <x>265</x>
    <y>415</y>
  </Bulb>
  <Bulb>
    <number>3_20</number>
    <x>295</x>
    <y>415</y>
  </Bulb>
  <Bulb>
    <number>3_21</number>
    <x>295</x>
    <y>400</y>
  </Bulb>
  <Bulb>
    <number>3_22</number>
    <x>295</x>
    <y>385</y>
  </Bulb>
  <Bulb>
    <number>3_23</number>
    <x>295</x>
    <y>370</y>
  </Bulb>
  <Bulb>
    <number>3_24</number>
    <x>295</x>
    <y>355</y>
  </Bulb>
  <Bulb>
    <number>3_25</number>
    <x>295</x>
    <y>340</y>
  </Bulb>
  <Bulb>
    <number>3_26</number>
    <x>295</x>
    <y>325</y>
  </Bulb>
  <Bulb>
    <number>3_27</number>
    <x>295</x>
    <y>310</y>
  </Bulb>
  <Bulb>
    <number>3_28</number>
    <x>295</x>
    <y>295</y>
  </Bulb>
  <Bulb>
    <number>3_29</number>
    <x>303</x>
    <y>288</y>
  </Bulb>
  <Bulb>
    <number>3_30</number>
    <x>310</x>
    <y>280</y>
  </Bulb>
  <Bulb>
    <number>3_31</number>
    <x>318</x>
    <y>273</y>
  </Bulb>
  <Bulb>
    <number>3_32</number>
    <x>325</x>
    <y>265</y>
  </Bulb>
  <Bulb>
    <number>3_33</number>
    <x>333</x>
    <y>273</y>
  </Bulb>
  <Bulb>
    <number>3_34</number>
    <x>340</x>
    <y>280</y>
  </Bulb>
  <Bulb>
    <number>3_35</number>
    <x>348</x>
    <y>288</y>
  </Bulb>
  <Bulb>
    <number>3_36</number>
    <x>355</x>
    <y>295</y>
  </Bulb>
  <Bulb>
    <number>3_37</number>
    <x>355</x>
    <y>310</y>
  </Bulb>
  <Bulb>
    <number>3_38</number>
    <x>355</x>
    <y>325</y>
  </Bulb>
  <Bulb>
    <number>3_39</number>
    <x>355</x>
    <y>340</y>
  </Bulb>
  <Bulb>
    <number>3_40</number>
    <x>355</x>
    <y>355</y>
  </Bulb>
  <Bulb>
    <number>3_41</number>
    <x>355</x>
    <y>370</y>
  </Bulb>
  <Bulb>
    <number>3_42</number>
    <x>355</x>
    <y>385</y>
  </Bulb>
  <Bulb>
    <number>3_43</number>
    <x>355</x>
    <y>400</y>
  </Bulb>
  <Bulb>
    <number>3_44</number>
    <x>355</x>
    <y>415</y>
  </Bulb>
  <Bulb>
    <number>3_45</number>
    <x>355</x>
    <y>430</y>
  </Bulb>
  <Bulb>
    <number>3_46</number>
    <x>355</x>
    <y>445</y>
  </Bulb>
  <Bulb>
    <number>3_47</number>
    <x>355</x>
    <y>460</y>
  </Bulb>
  <Bulb>
    <number>3_48</number>
    <x>355</x>
    <y>475</y>
  </Bulb>
  <Bulb>
    <number>3_49</number>
    <x>355</x>
    <y>490</y>
  </Bulb>
  <Bulb>
    <number>4_0</number>
    <x>385</x>
    <y>415</y>
  </Bulb>
  <Bulb>
    <number>4_1</number>
    <x>385</x>
    <y>400</y>
  </Bulb>
  <Bulb>
    <number>4_2</number>
    <x>385</x>
    <y>385</y>
  </Bulb>
  <Bulb>
    <number>4_3</number>
    <x>385</x>
    <y>370</y>
  </Bulb>
  <Bulb>
    <number>4_4</number>
    <x>385</x>
    <y>355</y>
  </Bulb>
  <Bulb>
    <number>4_5</number>
    <x>385</x>
    <y>340</y>
  </Bulb>
  <Bulb>
    <number>4_6</number>
    <x>385</x>
    <y>325</y>
  </Bulb>
  <Bulb>
    <number>4_7</number>
    <x>385</x>
    <y>310</y>
  </Bulb>
  <Bulb>
    <number>4_8</number>
    <x>385</x>
    <y>295</y>
  </Bulb>
  <Bulb>
    <number>4_9</number>
    <x>400</x>
    <y>295</y>
  </Bulb>
  <Bulb>
    <number>4_10</number>
    <x>415</x>
    <y>295</y>
  </Bulb>
  <Bulb>
    <number>4_11</number>
    <x>430</x>
    <y>295</y>
  </Bulb>
  <Bulb>
    <number>4_12</number>
    <x>430</x>
    <y>310</y>
  </Bulb>
  <Bulb>
    <number>4_13</number>
    <x>430</x>
    <y>325</y>
  </Bulb>
  <Bulb>
    <number>4_14</number>
    <x>430</x>
    <y>340</y>
  </Bulb>
  <Bulb>
    <number>4_15</number>
    <x>430</x>
    <y>355</y>
  </Bulb>
  <Bulb>
    <number>4_16</number>
    <x>430</x>
    <y>370</y>
  </Bulb>
  <Bulb>
    <number>4_17</number>
    <x>430</x>
    <y>385</y>
  </Bulb>
  <Bulb>
    <number>4_18</number>
    <x>430</x>
    <y>400</y>
  </Bulb>
  <Bulb>
    <number>4_19</number>
    <x>430</x>
    <y>415</y>
  </Bulb>
  <Bulb>
    <number>4_20</number>
    <x>430</x>
    <y>430</y>
  </Bulb>
  <Bulb>
    <number>4_21</number>
    <x>430</x>
    <y>445</y>
  </Bulb>
  <Bulb>
    <number>4_22</number>
    <x>430</x>
    <y>460</y>
  </Bulb>
  <Bulb>
    <number>4_23</number>
    <x>430</x>
    <y>475</y>
  </Bulb>
  <Bulb>
    <number>4_24</number>
    <x>430</x>
    <y>490</y>
  </Bulb>
  <Bulb>
    <number>4_25</number>
    <x>430</x>
    <y>505</y>
  </Bulb>
  <Bulb>
    <number>4_26</number>
    <x>430</x>
    <y>520</y>
  </Bulb>
  <Bulb>
    <number>4_27</number>
    <x>430</x>
    <y>535</y>
  </Bulb>
  <Bulb>
    <number>4_28</number>
    <x>430</x>
    <y>550</y>
  </Bulb>
  <Bulb>
    <number>4_29</number>
    <x>430</x>
    <y>565</y>
  </Bulb>
  <Bulb>
    <number>4_30</number>
    <x>430</x>
    <y>580</y>
  </Bulb>
  <Bulb>
    <number>4_31</number>
    <x>430</x>
    <y>595</y>
  </Bulb>
  <Bulb>
    <number>4_32</number>
    <x>430</x>
    <y>610</y>
  </Bulb>
  <Bulb>
    <number>4_33</number>
    <x>430</x>
    <y>625</y>
  </Bulb>
  <Bulb>
    <number>4_34</number>
    <x>430</x>
    <y>640</y>
  </Bulb>
  <Bulb>
    <number>4_35</number>
    <x>430</x>
    <y>655</y>
  </Bulb>
  <Bulb>
    <number>4_36</number>
    <x>430</x>
    <y>670</y>
  </Bulb>
  <Bulb>
    <number>4_37</number>
    <x>430</x>
    <y>685</y>
  </Bulb>
  <Bulb>
    <number>4_38</number>
    <x>430</x>
    <y>700</y>
  </Bulb>
  <Bulb>
    <number>4_39</number>
    <x>430</x>
    <y>715</y>
  </Bulb>
  <Bulb>
    <number>4_40</number>
    <x>430</x>
    <y>730</y>
  </Bulb>
  <Bulb>
    <number>4_41</number>
    <x>430</x>
    <y>745</y>
  </Bulb>
  <Bulb>
    <number>4_42</number>
    <x>430</x>
    <y>760</y>
  </Bulb>
  <Bulb>
    <number>4_43</number>
    <x>430</x>
    <y>775</y>
  </Bulb>
  <Bulb>
    <number>4_44</number>
    <x>430</x>
    <y>790</y>
  </Bulb>
  <Bulb>
    <number>4_45</number>
    <x>430</x>
    <y>805</y>
  </Bulb>
  <Bulb>
    <number>4_46</number>
    <x>430</x>
    <y>820</y>
  </Bulb>
  <Bulb>
    <number>4_47</number>
    <x>430</x>
    <y>835</y>
  </Bulb>
  <Bulb>
    <number>4_48</number>
    <x>430</x>
    <y>850</y>
  </Bulb>
  <Bulb>
    <number>4_49</number>
    <x>430</x>
    <y>865</y>
  </Bulb>
</GELightsSimulator>